District,Constituency,Polling Station,Total,Male,Female,PDF Link
FATEHABAD,39-TOHANA,BHIMEWALA,372,207,165,http://ceoharyana.nic.in/docs/election/draftroll2018/CMB39/CMB0390200.PDF
FATEHABAD,39-TOHANA,AKANWALI,3531,1827,1704,"http://ceoharyana.nic.in/docs/election/draftroll2018/CMB39/CMB0390100.PDF, http://ceoharyana.nic.in/docs/election/draftroll2018/CMB39/CMB0390101.PDF, http://ceoharyana.nic.in/docs/election/draftroll2018/CMB39/CMB0390102.PDF"
FATEHABAD,39-TOHANA,DIGOH,680,365,315,http://ceoharyana.nic.in/docs/election/draftroll2018/CMB39/CMB0390115.PDF
FATEHABAD,39-TOHANA,PIRTHALA,3548,1871,1677,"http://ceoharyana.nic.in/docs/election/draftroll2018/CMB39/CMB0390186.PDF, http://ceoharyana.nic.in/docs/election/draftroll2018/CMB39/CMB0390187.PDF, http://ceoharyana.nic.in/docs/election/draftroll2018/CMB39/CMB0390188.PDF"
FATEHABAD,39-TOHANA,SADHANWAS,2919,1536,1383,"http://ceoharyana.nic.in/docs/election/draftroll2018/CMB39/CMB0390004.PDF, http://ceoharyana.nic.in/docs/election/draftroll2018/CMB39/CMB0390005.PDF, http://ceoharyana.nic.in/docs/election/draftroll2018/CMB39/CMB0390006.PDF"
FATEHABAD,39-TOHANA,INDA CHHUI,3735,1990,1745,"http://ceoharyana.nic.in/docs/election/draftroll2018/CMB39/CMB0390121.PDF, http://ceoharyana.nic.in/docs/election/draftroll2018/CMB39/CMB0390122.PDF, http://ceoharyana.nic.in/docs/election/draftroll2018/CMB39/CMB0390123.PDF"
FATEHABAD,39-TOHANA,SALEMPURI,241,120,121,http://ceoharyana.nic.in/docs/election/draftroll2018/CMB39/CMB0390103.PDF
FATEHABAD,39-TOHANA,KHANAURA,1202,651,551,http://ceoharyana.nic.in/docs/election/draftroll2018/CMB39/CMB0390092.PDF
FATEHABAD,39-TOHANA,TALWARA,2146,1113,1033,"http://ceoharyana.nic.in/docs/election/draftroll2018/CMB39/CMB0390008.PDF, http://ceoharyana.nic.in/docs/election/draftroll2018/CMB39/CMB0390009.PDF"
FATEHABAD,39-TOHANA,TALWARI,985,503,482,http://ceoharyana.nic.in/docs/election/draftroll2018/CMB39/CMB0390007.PDF
FATEHABAD,39-TOHANA,DHANI DULT MAJRA DULT,1755,919,836,"http://ceoharyana.nic.in/docs/election/draftroll2018/CMB39/CMB0390157.PDF, http://ceoharyana.nic.in/docs/election/draftroll2018/CMB39/CMB0390158.PDF"
FATEHABAD,39-TOHANA,HANSAWALA,1552,845,707,"http://ceoharyana.nic.in/docs/election/draftroll2018/CMB39/CMB0390205.PDF, http://ceoharyana.nic.in/docs/election/draftroll2018/CMB39/CMB0390206.PDF"
FATEHABAD,39-TOHANA,PARTA,2905,1546,1359,"http://ceoharyana.nic.in/docs/election/draftroll2018/CMB39/CMB0390184.PDF, http://ceoharyana.nic.in/docs/election/draftroll2018/CMB39/CMB0390185.PDF"
FATEHABAD,39-TOHANA,MIYOND BOGHAWALI,1412,703,709,http://ceoharyana.nic.in/docs/election/draftroll2018/CMB39/CMB0390029.PDF
FATEHABAD,39-TOHANA,BHODIYA KHERA,367,187,180,http://ceoharyana.nic.in/docs/election/draftroll2018/CMB39/CMB0390130.PDF
FATEHABAD,39-TOHANA,NANGLA,1691,899,792,"http://ceoharyana.nic.in/docs/election/draftroll2018/CMB39/CMB0390191.PDF, http://ceoharyana.nic.in/docs/election/draftroll2018/CMB39/CMB0390192.PDF"
FATEHABAD,39-TOHANA,GAJUWALA,2610,1389,1221,"http://ceoharyana.nic.in/docs/election/draftroll2018/CMB39/CMB0390203.PDF, http://ceoharyana.nic.in/docs/election/draftroll2018/CMB39/CMB0390204.PDF"
FATEHABAD,39-TOHANA,NANGLI,811,434,377,http://ceoharyana.nic.in/docs/election/draftroll2018/CMB39/CMB0390201.PDF
FATEHABAD,39-TOHANA,DHARSUL KHURD,1379,710,669,http://ceoharyana.nic.in/docs/election/draftroll2018/CMB39/CMB0390040.PDF
FATEHABAD,39-TOHANA,KANHARI,4170,2226,1944,"http://ceoharyana.nic.in/docs/election/draftroll2018/CMB39/CMB0390138.PDF, http://ceoharyana.nic.in/docs/election/draftroll2018/CMB39/CMB0390139.PDF, http://ceoharyana.nic.in/docs/election/draftroll2018/CMB39/CMB0390140.PDF, http://ceoharyana.nic.in/docs/election/draftroll2018/CMB39/CMB0390141.PDF"
FATEHABAD,39-TOHANA,KANI KHERI,551,275,276,http://ceoharyana.nic.in/docs/election/draftroll2018/CMB39/CMB0390118.PDF
FATEHABAD,39-TOHANA,DHOLU,2778,1470,1308,"http://ceoharyana.nic.in/docs/election/draftroll2018/CMB39/CMB0390160.PDF, http://ceoharyana.nic.in/docs/election/draftroll2018/CMB39/CMB0390161.PDF"
FATEHABAD,39-TOHANA,LALODA,2544,1300,1244,"http://ceoharyana.nic.in/docs/election/draftroll2018/CMB39/CMB0390189.PDF, http://ceoharyana.nic.in/docs/election/draftroll2018/CMB39/CMB0390190.PDF"
FATEHABAD,39-TOHANA,RASULPUR,482,250,232,http://ceoharyana.nic.in/docs/election/draftroll2018/CMB39/CMB0390114.PDF
FATEHABAD,39-TOHANA,SANCHLA,4054,2237,1817,"http://ceoharyana.nic.in/docs/election/draftroll2018/CMB39/CMB0390176.PDF, http://ceoharyana.nic.in/docs/election/draftroll2018/CMB39/CMB0390177.PDF, http://ceoharyana.nic.in/docs/election/draftroll2018/CMB39/CMB0390178.PDF"
FATEHABAD,39-TOHANA,BUWAN,2345,1235,1110,"http://ceoharyana.nic.in/docs/election/draftroll2018/CMB39/CMB0390152.PDF, http://ceoharyana.nic.in/docs/election/draftroll2018/CMB39/CMB0390153.PDF"
FATEHABAD,39-TOHANA,LOHA KHERA,1272,656,616,http://ceoharyana.nic.in/docs/election/draftroll2018/CMB39/CMB0390142.PDF
FATEHABAD,39-TOHANA,CHITAIN,346,180,166,http://ceoharyana.nic.in/docs/election/draftroll2018/CMB39/CMB0390202.PDF
FATEHABAD,39-TOHANA,JANDALI KALAN,3765,1934,1831,"http://ceoharyana.nic.in/docs/election/draftroll2018/CMB39/CMB0390173.PDF, http://ceoharyana.nic.in/docs/election/draftroll2018/CMB39/CMB0390174.PDF, http://ceoharyana.nic.in/docs/election/draftroll2018/CMB39/CMB0390175.PDF"
FATEHABAD,39-TOHANA,RAHANWALI,857,451,406,http://ceoharyana.nic.in/docs/election/draftroll2018/CMB39/CMB0390048.PDF
FATEHABAD,39-TOHANA,CHUHARPUR,635,336,299,http://ceoharyana.nic.in/docs/election/draftroll2018/CMB39/CMB0390026.PDF
FATEHABAD,39-TOHANA,SIDHANI,3414,1819,1595,"http://ceoharyana.nic.in/docs/election/draftroll2018/CMB39/CMB0390001.PDF, http://ceoharyana.nic.in/docs/election/draftroll2018/CMB39/CMB0390002.PDF, http://ceoharyana.nic.in/docs/election/draftroll2018/CMB39/CMB0390003.PDF"
FATEHABAD,39-TOHANA,NANHERI,1622,846,776,"http://ceoharyana.nic.in/docs/election/draftroll2018/CMB39/CMB0390111.PDF, http://ceoharyana.nic.in/docs/election/draftroll2018/CMB39/CMB0390112.PDF"
FATEHABAD,39-TOHANA,BHODI,1121,582,539,http://ceoharyana.nic.in/docs/election/draftroll2018/CMB39/CMB0390124.PDF
FATEHABAD,39-TOHANA,KULLAN,3213,1705,1508,"http://ceoharyana.nic.in/docs/election/draftroll2018/CMB39/CMB0390106.PDF, http://ceoharyana.nic.in/docs/election/draftroll2018/CMB39/CMB0390107.PDF, http://ceoharyana.nic.in/docs/election/draftroll2018/CMB39/CMB0390108.PDF"
FATEHABAD,39-TOHANA,THARVI,1077,576,501,http://ceoharyana.nic.in/docs/election/draftroll2018/CMB39/CMB0390148.PDF
FATEHABAD,39-TOHANA,HIMMATPURA,918,480,438,http://ceoharyana.nic.in/docs/election/draftroll2018/CMB39/CMB0390024.PDF
FATEHABAD,39-TOHANA,KHERI RAHAN,587,304,283,http://ceoharyana.nic.in/docs/election/draftroll2018/CMB39/CMB0390117.PDF
FATEHABAD,39-TOHANA,LALUWAL,1144,604,540,http://ceoharyana.nic.in/docs/election/draftroll2018/CMB39/CMB0390044.PDF
FATEHABAD,39-TOHANA,DANGRA,2593,1376,1217,"http://ceoharyana.nic.in/docs/election/draftroll2018/CMB39/CMB0390132.PDF, http://ceoharyana.nic.in/docs/election/draftroll2018/CMB39/CMB0390133.PDF, http://ceoharyana.nic.in/docs/election/draftroll2018/CMB39/CMB0390134.PDF"
FATEHABAD,39-TOHANA,NATHUWAL,705,374,331,http://ceoharyana.nic.in/docs/election/draftroll2018/CMB39/CMB0390027.PDF
FATEHABAD,39-TOHANA,KASBA TOHANA,,,,http://ceoharyana.nic.in/docs/election/draftroll2018/CMB39/CMB0390052.PDF
FATEHABAD,39-TOHANA,HAIDARWALA,1263,654,609,http://ceoharyana.nic.in/docs/election/draftroll2018/CMB39/CMB0390047.PDF
FATEHABAD,39-TOHANA,GHOTRU,635,336,299,http://ceoharyana.nic.in/docs/election/draftroll2018/CMB39/CMB0390162.PDF
FATEHABAD,39-TOHANA,GULARWALA,1391,720,671,http://ceoharyana.nic.in/docs/election/draftroll2018/CMB39/CMB0390099.PDF
FATEHABAD,39-TOHANA,AMANI,2020,1077,943,"http://ceoharyana.nic.in/docs/election/draftroll2018/CMB39/CMB0390128.PDF, http://ceoharyana.nic.in/docs/election/draftroll2018/CMB39/CMB0390129.PDF"
FATEHABAD,39-TOHANA,SIMBALWALA,1052,549,503,http://ceoharyana.nic.in/docs/election/draftroll2018/CMB39/CMB0390050.PDF
FATEHABAD,39-TOHANA,SHAKARPURA,2915,1517,1398,"http://ceoharyana.nic.in/docs/election/draftroll2018/CMB39/CMB0390031.PDF, http://ceoharyana.nic.in/docs/election/draftroll2018/CMB39/CMB0390032.PDF, http://ceoharyana.nic.in/docs/election/draftroll2018/CMB39/CMB0390033.PDF"
FATEHABAD,39-TOHANA,MEOND BEGAMWALI,907,479,428,http://ceoharyana.nic.in/docs/election/draftroll2018/CMB39/CMB0390030.PDF
FATEHABAD,39-TOHANA,NADHODI,4646,2536,2110,"http://ceoharyana.nic.in/docs/election/draftroll2018/CMB39/CMB0390163.PDF, http://ceoharyana.nic.in/docs/election/draftroll2018/CMB39/CMB0390164.PDF, http://ceoharyana.nic.in/docs/election/draftroll2018/CMB39/CMB0390165.PDF, http://ceoharyana.nic.in/docs/election/draftroll2018/CMB39/CMB0390166.PDF"
FATEHABAD,39-TOHANA,PURU MAJRA,599,309,290,http://ceoharyana.nic.in/docs/election/draftroll2018/CMB39/CMB0390023.PDF
FATEHABAD,39-TOHANA,LAHRIYAN,2739,1462,1277,"http://ceoharyana.nic.in/docs/election/draftroll2018/CMB39/CMB0390119.PDF, http://ceoharyana.nic.in/docs/election/draftroll2018/CMB39/CMB0390120.PDF"
FATEHABAD,39-TOHANA,KUDNI,981,509,472,http://ceoharyana.nic.in/docs/election/draftroll2018/CMB39/CMB0390021.PDF
FATEHABAD,39-TOHANA,TIBBI,1481,794,687,http://ceoharyana.nic.in/docs/election/draftroll2018/CMB39/CMB0390159.PDF
FATEHABAD,39-TOHANA,MIYOND BOGHANWALI,994,512,482,http://ceoharyana.nic.in/docs/election/draftroll2018/CMB39/CMB0390028.PDF
FATEHABAD,39-TOHANA,CHANDPURA,2452,1291,1161,"http://ceoharyana.nic.in/docs/election/draftroll2018/CMB39/CMB0390034.PDF, http://ceoharyana.nic.in/docs/election/draftroll2018/CMB39/CMB0390035.PDF"
FATEHABAD,39-TOHANA,NADEL,680,343,337,http://ceoharyana.nic.in/docs/election/draftroll2018/CMB39/CMB0390020.PDF
FATEHABAD,39-TOHANA,BALIYA WALA,1742,927,815,"http://ceoharyana.nic.in/docs/election/draftroll2018/CMB39/CMB0390135.PDF, http://ceoharyana.nic.in/docs/election/draftroll2018/CMB39/CMB0390136.PDF"
FATEHABAD,39-TOHANA,THARWA,962,513,449,http://ceoharyana.nic.in/docs/election/draftroll2018/CMB39/CMB0390147.PDF
FATEHABAD,39-TOHANA,MADUWALA,786,414,372,http://ceoharyana.nic.in/docs/election/draftroll2018/CMB39/CMB0390131.PDF
FATEHABAD,39-TOHANA,CHANDAR KHURD,706,375,331,http://ceoharyana.nic.in/docs/election/draftroll2018/CMB39/CMB0390127.PDF
FATEHABAD,39-TOHANA,KARANDI,813,427,386,http://ceoharyana.nic.in/docs/election/draftroll2018/CMB39/CMB0390039.PDF
FATEHABAD,39-TOHANA,FATEHPURI,1607,863,744,"http://ceoharyana.nic.in/docs/election/draftroll2018/CMB39/CMB0390145.PDF, http://ceoharyana.nic.in/docs/election/draftroll2018/CMB39/CMB0390146.PDF"
FATEHABAD,39-TOHANA,DHARSUL KALAN,2924,1571,1353,"http://ceoharyana.nic.in/docs/election/draftroll2018/CMB39/CMB0390104.PDF, http://ceoharyana.nic.in/docs/election/draftroll2018/CMB39/CMB0390105.PDF"
FATEHABAD,39-TOHANA,DAMKOURA,1505,786,719,http://ceoharyana.nic.in/docs/election/draftroll2018/CMB39/CMB0390049.PDF
FATEHABAD,39-TOHANA,MUSAKHERA,1139,606,533,http://ceoharyana.nic.in/docs/election/draftroll2018/CMB39/CMB0390037.PDF
FATEHABAD,39-TOHANA,TOWN TOHANA,,,,http://ceoharyana.nic.in/docs/election/draftroll2018/CMB39/CMB0390091.PDF
FATEHABAD,39-TOHANA,CHANDRAWAL,1602,876,726,"http://ceoharyana.nic.in/docs/election/draftroll2018/CMB39/CMB0390171.PDF, http://ceoharyana.nic.in/docs/election/draftroll2018/CMB39/CMB0390172.PDF"
FATEHABAD,39-TOHANA,RATTATHEH,1415,730,685,http://ceoharyana.nic.in/docs/election/draftroll2018/CMB39/CMB0390110.PDF
FATEHABAD,39-TOHANA,RATTA KHERA,1431,748,683,http://ceoharyana.nic.in/docs/election/draftroll2018/CMB39/CMB0390144.PDF
FATEHABAD,39-TOHANA,SAMAIN,7306,3981,3325,"http://ceoharyana.nic.in/docs/election/draftroll2018/CMB39/CMB0390193.PDF, http://ceoharyana.nic.in/docs/election/draftroll2018/CMB39/CMB0390194.PDF, http://ceoharyana.nic.in/docs/election/draftroll2018/CMB39/CMB0390195.PDF, http://ceoharyana.nic.in/docs/election/draftroll2018/CMB39/CMB0390196.PDF, http://ceoharyana.nic.in/docs/election/draftroll2018/CMB39/CMB0390197.PDF, http://ceoharyana.nic.in/docs/election/draftroll2018/CMB39/CMB0390198.PDF"
FATEHABAD,39-TOHANA,CHILEWAL,605,321,284,http://ceoharyana.nic.in/docs/election/draftroll2018/CMB39/CMB0390046.PDF
FATEHABAD,39-TOHANA,JANDLI KHURD,3507,1840,1667,"http://ceoharyana.nic.in/docs/election/draftroll2018/CMB39/CMB0390167.PDF, http://ceoharyana.nic.in/docs/election/draftroll2018/CMB39/CMB0390168.PDF, http://ceoharyana.nic.in/docs/election/draftroll2018/CMB39/CMB0390169.PDF, http://ceoharyana.nic.in/docs/election/draftroll2018/CMB39/CMB0390170.PDF"
FATEHABAD,39-TOHANA,BHUNDRA,370,199,171,http://ceoharyana.nic.in/docs/election/draftroll2018/CMB39/CMB0390116.PDF
FATEHABAD,39-TOHANA,RUPANWALI,941,475,466,http://ceoharyana.nic.in/docs/election/draftroll2018/CMB39/CMB0390038.PDF
FATEHABAD,39-TOHANA,BHIME WALA,878,474,404,http://ceoharyana.nic.in/docs/election/draftroll2018/CMB39/CMB0390199.PDF
FATEHABAD,39-TOHANA,BADHAI KHERA,354,170,184,http://ceoharyana.nic.in/docs/election/draftroll2018/CMB39/CMB0390143.PDF
FATEHABAD,39-TOHANA,JABTA WALA,567,297,270,http://ceoharyana.nic.in/docs/election/draftroll2018/CMB39/CMB0390109.PDF
FATEHABAD,39-TOHANA,BOSTI,2988,1598,1390,"http://ceoharyana.nic.in/docs/election/draftroll2018/CMB39/CMB0390149.PDF, http://ceoharyana.nic.in/docs/election/draftroll2018/CMB39/CMB0390150.PDF, http://ceoharyana.nic.in/docs/election/draftroll2018/CMB39/CMB0390151.PDF"
FATEHABAD,39-TOHANA,DIWANA,2026,1021,1005,"http://ceoharyana.nic.in/docs/election/draftroll2018/CMB39/CMB0390041.PDF, http://ceoharyana.nic.in/docs/election/draftroll2018/CMB39/CMB0390042.PDF"
FATEHABAD,39-TOHANA,HINDALWALA,1029,537,492,http://ceoharyana.nic.in/docs/election/draftroll2018/CMB39/CMB0390045.PDF
FATEHABAD,39-TOHANA,MANGHERA,856,454,402,http://ceoharyana.nic.in/docs/election/draftroll2018/CMB39/CMB0390113.PDF
FATEHABAD,39-TOHANA,DULT,2337,1229,1108,"http://ceoharyana.nic.in/docs/election/draftroll2018/CMB39/CMB0390155.PDF, http://ceoharyana.nic.in/docs/election/draftroll2018/CMB39/CMB0390156.PDF"
FATEHABAD,39-TOHANA,UDAYPUR,411,216,195,http://ceoharyana.nic.in/docs/election/draftroll2018/CMB39/CMB0390022.PDF
FATEHABAD,39-TOHANA,DHER,1256,632,624,http://ceoharyana.nic.in/docs/election/draftroll2018/CMB39/CMB0390043.PDF
FATEHABAD,39-TOHANA,MAMUPUR,752,381,371,http://ceoharyana.nic.in/docs/election/draftroll2018/CMB39/CMB0390025.PDF
FATEHABAD,39-TOHANA,JAKHAL,5283,2733,2550,"http://ceoharyana.nic.in/docs/election/draftroll2018/CMB39/CMB0390010.PDF, http://ceoharyana.nic.in/docs/election/draftroll2018/CMB39/CMB0390011.PDF, http://ceoharyana.nic.in/docs/election/draftroll2018/CMB39/CMB0390012.PDF, http://ceoharyana.nic.in/docs/election/draftroll2018/CMB39/CMB0390013.PDF, http://ceoharyana.nic.in/docs/election/draftroll2018/CMB39/CMB0390014.PDF"
FATEHABAD,39-TOHANA,JAMALPUR SHEKHAN,6539,3362,3177,"http://ceoharyana.nic.in/docs/election/draftroll2018/CMB39/CMB0390093.PDF, http://ceoharyana.nic.in/docs/election/draftroll2018/CMB39/CMB0390094.PDF, http://ceoharyana.nic.in/docs/election/draftroll2018/CMB39/CMB0390095.PDF, http://ceoharyana.nic.in/docs/election/draftroll2018/CMB39/CMB0390096.PDF, http://ceoharyana.nic.in/docs/election/draftroll2018/CMB39/CMB0390097.PDF, http://ceoharyana.nic.in/docs/election/draftroll2018/CMB39/CMB0390098.PDF"
FATEHABAD,39-TOHANA,CHANDAR KALAN,2125,1095,1030,"http://ceoharyana.nic.in/docs/election/draftroll2018/CMB39/CMB0390125.PDF, http://ceoharyana.nic.in/docs/election/draftroll2018/CMB39/CMB0390126.PDF"
FATEHABAD,39-TOHANA,MUNDALIYA,805,416,389,http://ceoharyana.nic.in/docs/election/draftroll2018/CMB39/CMB0390036.PDF
FATEHABAD,39-TOHANA,SANIYANA,5045,2688,2357,"http://ceoharyana.nic.in/docs/election/draftroll2018/CMB39/CMB0390179.PDF, http://ceoharyana.nic.in/docs/election/draftroll2018/CMB39/CMB0390180.PDF, http://ceoharyana.nic.in/docs/election/draftroll2018/CMB39/CMB0390181.PDF, http://ceoharyana.nic.in/docs/election/draftroll2018/CMB39/CMB0390182.PDF, http://ceoharyana.nic.in/docs/election/draftroll2018/CMB39/CMB0390183.PDF"
FATEHABAD,39-TOHANA,JAKHAL MANDI,5977,3057,2920,"http://ceoharyana.nic.in/docs/election/draftroll2018/CMB39/CMB0390015.PDF, http://ceoharyana.nic.in/docs/election/draftroll2018/CMB39/CMB0390016.PDF, http://ceoharyana.nic.in/docs/election/draftroll2018/CMB39/CMB0390017.PDF, http://ceoharyana.nic.in/docs/election/draftroll2018/CMB39/CMB0390018.PDF, http://ceoharyana.nic.in/docs/election/draftroll2018/CMB39/CMB0390019.PDF"
FATEHABAD,39-TOHANA,BHATU,771,403,368,http://ceoharyana.nic.in/docs/election/draftroll2018/CMB39/CMB0390154.PDF
FATEHABAD,39-TOHANA,KAMALWALA,922,473,449,http://ceoharyana.nic.in/docs/election/draftroll2018/CMB39/CMB0390137.PDF
FATEHABAD,40-FATEHABAD,MATANA,2410,1287,1123,"http://ceoharyana.nic.in/docs/election/draftroll2018/CMB40/CMB0400060.PDF, http://ceoharyana.nic.in/docs/election/draftroll2018/CMB40/CMB0400061.PDF"
FATEHABAD,40-FATEHABAD,SITHLA MAJRA BHUNA,811,418,393,http://ceoharyana.nic.in/docs/election/draftroll2018/CMB40/CMB0400156.PDF
FATEHABAD,40-FATEHABAD,HANS COLONY MAJRA BASTI BHIWAN,1703,930,773,"http://ceoharyana.nic.in/docs/election/draftroll2018/CMB40/CMB0400008.PDF, http://ceoharyana.nic.in/docs/election/draftroll2018/CMB40/CMB0400009.PDF"
FATEHABAD,40-FATEHABAD,BANGRAM,3997,2096,1901,"http://ceoharyana.nic.in/docs/election/draftroll2018/CMB40/CMB0400086.PDF, http://ceoharyana.nic.in/docs/election/draftroll2018/CMB40/CMB0400087.PDF, http://ceoharyana.nic.in/docs/election/draftroll2018/CMB40/CMB0400088.PDF, http://ceoharyana.nic.in/docs/election/draftroll2018/CMB40/CMB0400089.PDF"
FATEHABAD,40-FATEHABAD,KHASA PATHANA,742,399,343,http://ceoharyana.nic.in/docs/election/draftroll2018/CMB40/CMB0400179.PDF
FATEHABAD,40-FATEHABAD,DHANI MAJRA  MAJRA MAJRA,1114,598,516,http://ceoharyana.nic.in/docs/election/draftroll2018/CMB40/CMB0400056.PDF
FATEHABAD,40-FATEHABAD,KIRDHAN,5418,2940,2478,"http://ceoharyana.nic.in/docs/election/draftroll2018/CMB40/CMB0400125.PDF, http://ceoharyana.nic.in/docs/election/draftroll2018/CMB40/CMB0400126.PDF, http://ceoharyana.nic.in/docs/election/draftroll2018/CMB40/CMB0400127.PDF, http://ceoharyana.nic.in/docs/election/draftroll2018/CMB40/CMB0400128.PDF, http://ceoharyana.nic.in/docs/election/draftroll2018/CMB40/CMB0400129.PDF"
FATEHABAD,40-FATEHABAD,MOHAMMADPUR ROHI,4974,2580,2394,"http://ceoharyana.nic.in/docs/election/draftroll2018/CMB40/CMB0400065.PDF, http://ceoharyana.nic.in/docs/election/draftroll2018/CMB40/CMB0400066.PDF, http://ceoharyana.nic.in/docs/election/draftroll2018/CMB40/CMB0400067.PDF, http://ceoharyana.nic.in/docs/election/draftroll2018/CMB40/CMB0400068.PDF"
FATEHABAD,40-FATEHABAD,DHANI MIYAN KHAN MAJRA BIGHAR,605,304,301,http://ceoharyana.nic.in/docs/election/draftroll2018/CMB40/CMB0400078.PDF
FATEHABAD,40-FATEHABAD,BAN MANDORI,2988,1608,1380,"http://ceoharyana.nic.in/docs/election/draftroll2018/CMB40/CMB0400102.PDF, http://ceoharyana.nic.in/docs/election/draftroll2018/CMB40/CMB0400103.PDF, http://ceoharyana.nic.in/docs/election/draftroll2018/CMB40/CMB0400104.PDF"
FATEHABAD,40-FATEHABAD,BARSIN,1638,856,782,"http://ceoharyana.nic.in/docs/election/draftroll2018/CMB40/CMB0400058.PDF, http://ceoharyana.nic.in/docs/election/draftroll2018/CMB40/CMB0400059.PDF"
FATEHABAD,40-FATEHABAD,KHANPUR,784,407,377,http://ceoharyana.nic.in/docs/election/draftroll2018/CMB40/CMB0400001.PDF
FATEHABAD,40-FATEHABAD,DHINGSARA,3385,1774,1611,"http://ceoharyana.nic.in/docs/election/draftroll2018/CMB40/CMB0400090.PDF, http://ceoharyana.nic.in/docs/election/draftroll2018/CMB40/CMB0400091.PDF, http://ceoharyana.nic.in/docs/election/draftroll2018/CMB40/CMB0400092.PDF"
FATEHABAD,40-FATEHABAD,DEHMAN,3203,1717,1486,"http://ceoharyana.nic.in/docs/election/draftroll2018/CMB40/CMB0400180.PDF, http://ceoharyana.nic.in/docs/election/draftroll2018/CMB40/CMB0400181.PDF, http://ceoharyana.nic.in/docs/election/draftroll2018/CMB40/CMB0400182.PDF"
FATEHABAD,40-FATEHABAD,SARWARPUR,1677,918,759,"http://ceoharyana.nic.in/docs/election/draftroll2018/CMB40/CMB0400094.PDF, http://ceoharyana.nic.in/docs/election/draftroll2018/CMB40/CMB0400095.PDF"
FATEHABAD,40-FATEHABAD,RAMSARA,2639,1401,1238,"http://ceoharyana.nic.in/docs/election/draftroll2018/CMB40/CMB0400218.PDF, http://ceoharyana.nic.in/docs/election/draftroll2018/CMB40/CMB0400219.PDF"
FATEHABAD,40-FATEHABAD,KASBA FATEHABAD,,,,http://ceoharyana.nic.in/docs/election/draftroll2018/CMB40/CMB0400050.PDF
FATEHABAD,40-FATEHABAD,KUMHARIA,2764,1490,1274,"http://ceoharyana.nic.in/docs/election/draftroll2018/CMB40/CMB0400190.PDF, http://ceoharyana.nic.in/docs/election/draftroll2018/CMB40/CMB0400191.PDF, http://ceoharyana.nic.in/docs/election/draftroll2018/CMB40/CMB0400192.PDF"
FATEHABAD,40-FATEHABAD,BODIWALI,2163,1146,1017,"http://ceoharyana.nic.in/docs/election/draftroll2018/CMB40/CMB0400096.PDF, http://ceoharyana.nic.in/docs/election/draftroll2018/CMB40/CMB0400097.PDF"
FATEHABAD,40-FATEHABAD,BISLA,587,317,270,http://ceoharyana.nic.in/docs/election/draftroll2018/CMB40/CMB0400057.PDF
FATEHABAD,40-FATEHABAD,SULI KHERA,1483,785,698,"http://ceoharyana.nic.in/docs/election/draftroll2018/CMB40/CMB0400202.PDF, http://ceoharyana.nic.in/docs/election/draftroll2018/CMB40/CMB0400203.PDF"
FATEHABAD,40-FATEHABAD,GORAKHPUR,8897,4793,4104,"http://ceoharyana.nic.in/docs/election/draftroll2018/CMB40/CMB0400143.PDF, http://ceoharyana.nic.in/docs/election/draftroll2018/CMB40/CMB0400144.PDF, http://ceoharyana.nic.in/docs/election/draftroll2018/CMB40/CMB0400145.PDF, http://ceoharyana.nic.in/docs/election/draftroll2018/CMB40/CMB0400146.PDF, http://ceoharyana.nic.in/docs/election/draftroll2018/CMB40/CMB0400147.PDF, http://ceoharyana.nic.in/docs/election/draftroll2018/CMB40/CMB0400148.PDF, http://ceoharyana.nic.in/docs/election/draftroll2018/CMB40/CMB0400149.PDF, http://ceoharyana.nic.in/docs/election/draftroll2018/CMB40/CMB0400150.PDF, http://ceoharyana.nic.in/docs/election/draftroll2018/CMB40/CMB0400151.PDF"
FATEHABAD,40-FATEHABAD,THUIAN,1702,928,774,"http://ceoharyana.nic.in/docs/election/draftroll2018/CMB40/CMB0400110.PDF, http://ceoharyana.nic.in/docs/election/draftroll2018/CMB40/CMB0400111.PDF"
FATEHABAD,40-FATEHABAD,BAIJALPUR,3357,1800,1557,"http://ceoharyana.nic.in/docs/election/draftroll2018/CMB40/CMB0400174.PDF, http://ceoharyana.nic.in/docs/election/draftroll2018/CMB40/CMB0400175.PDF, http://ceoharyana.nic.in/docs/election/draftroll2018/CMB40/CMB0400176.PDF"
FATEHABAD,40-FATEHABAD,SIRDHAN,814,435,379,http://ceoharyana.nic.in/docs/election/draftroll2018/CMB40/CMB0400093.PDF
FATEHABAD,40-FATEHABAD,BHODA HOSHNAK,1337,730,607,http://ceoharyana.nic.in/docs/election/draftroll2018/CMB40/CMB0400195.PDF
FATEHABAD,40-FATEHABAD,BASTI BHIWAN,603,315,288,http://ceoharyana.nic.in/docs/election/draftroll2018/CMB40/CMB0400053.PDF
FATEHABAD,40-FATEHABAD,CHAUBARA,1747,937,810,"http://ceoharyana.nic.in/docs/election/draftroll2018/CMB40/CMB0400152.PDF, http://ceoharyana.nic.in/docs/election/draftroll2018/CMB40/CMB0400153.PDF"
FATEHABAD,40-FATEHABAD,DHAND,3540,1902,1638,"http://ceoharyana.nic.in/docs/election/draftroll2018/CMB40/CMB0400133.PDF, http://ceoharyana.nic.in/docs/election/draftroll2018/CMB40/CMB0400134.PDF, http://ceoharyana.nic.in/docs/election/draftroll2018/CMB40/CMB0400135.PDF"
FATEHABAD,40-FATEHABAD,KASBA  FATEHABAD,2701,1454,1247,"http://ceoharyana.nic.in/docs/election/draftroll2018/CMB40/CMB0400031.PDF, http://ceoharyana.nic.in/docs/election/draftroll2018/CMB40/CMB0400032.PDF"
FATEHABAD,40-FATEHABAD,BIGHAR,6205,3295,2910,"http://ceoharyana.nic.in/docs/election/draftroll2018/CMB40/CMB0400080.PDF, http://ceoharyana.nic.in/docs/election/draftroll2018/CMB40/CMB0400081.PDF, http://ceoharyana.nic.in/docs/election/draftroll2018/CMB40/CMB0400082.PDF, http://ceoharyana.nic.in/docs/election/draftroll2018/CMB40/CMB0400083.PDF, http://ceoharyana.nic.in/docs/election/draftroll2018/CMB40/CMB0400084.PDF, http://ceoharyana.nic.in/docs/election/draftroll2018/CMB40/CMB0400085.PDF"
FATEHABAD,40-FATEHABAD,CHINDAR,3088,1676,1412,"http://ceoharyana.nic.in/docs/election/draftroll2018/CMB40/CMB0400196.PDF, http://ceoharyana.nic.in/docs/election/draftroll2018/CMB40/CMB0400197.PDF, http://ceoharyana.nic.in/docs/election/draftroll2018/CMB40/CMB0400198.PDF"
FATEHABAD,40-FATEHABAD,GILAN KHERA,982,519,463,http://ceoharyana.nic.in/docs/election/draftroll2018/CMB40/CMB0400098.PDF
FATEHABAD,40-FATEHABAD,KHABRA KALAN,4034,2103,1931,"http://ceoharyana.nic.in/docs/election/draftroll2018/CMB40/CMB0400204.PDF, http://ceoharyana.nic.in/docs/election/draftroll2018/CMB40/CMB0400205.PDF, http://ceoharyana.nic.in/docs/election/draftroll2018/CMB40/CMB0400206.PDF, http://ceoharyana.nic.in/docs/election/draftroll2018/CMB40/CMB0400207.PDF"
FATEHABAD,40-FATEHABAD,AZAD NAGAR MAJRA FATEHABAD,1515,787,728,"http://ceoharyana.nic.in/docs/election/draftroll2018/CMB40/CMB0400003.PDF, http://ceoharyana.nic.in/docs/election/draftroll2018/CMB40/CMB0400004.PDF"
FATEHABAD,40-FATEHABAD,DHANGAR,5933,3175,2758,"http://ceoharyana.nic.in/docs/election/draftroll2018/CMB40/CMB0400069.PDF, http://ceoharyana.nic.in/docs/election/draftroll2018/CMB40/CMB0400070.PDF, http://ceoharyana.nic.in/docs/election/draftroll2018/CMB40/CMB0400071.PDF, http://ceoharyana.nic.in/docs/election/draftroll2018/CMB40/CMB0400072.PDF, http://ceoharyana.nic.in/docs/election/draftroll2018/CMB40/CMB0400073.PDF, http://ceoharyana.nic.in/docs/election/draftroll2018/CMB40/CMB0400074.PDF"
FATEHABAD,40-FATEHABAD,BADOPAL,6086,3287,2799,"http://ceoharyana.nic.in/docs/election/draftroll2018/CMB40/CMB0400136.PDF, http://ceoharyana.nic.in/docs/election/draftroll2018/CMB40/CMB0400137.PDF, http://ceoharyana.nic.in/docs/election/draftroll2018/CMB40/CMB0400138.PDF, http://ceoharyana.nic.in/docs/election/draftroll2018/CMB40/CMB0400139.PDF, http://ceoharyana.nic.in/docs/election/draftroll2018/CMB40/CMB0400140.PDF"
FATEHABAD,40-FATEHABAD,NEHLA,7364,3930,3434,"http://ceoharyana.nic.in/docs/election/draftroll2018/CMB40/CMB0400183.PDF, http://ceoharyana.nic.in/docs/election/draftroll2018/CMB40/CMB0400184.PDF, http://ceoharyana.nic.in/docs/election/draftroll2018/CMB40/CMB0400185.PDF, http://ceoharyana.nic.in/docs/election/draftroll2018/CMB40/CMB0400186.PDF, http://ceoharyana.nic.in/docs/election/draftroll2018/CMB40/CMB0400187.PDF, http://ceoharyana.nic.in/docs/election/draftroll2018/CMB40/CMB0400188.PDF, http://ceoharyana.nic.in/docs/election/draftroll2018/CMB40/CMB0400189.PDF"
FATEHABAD,40-FATEHABAD,FATEHABAD,2475,1303,1172,"http://ceoharyana.nic.in/docs/election/draftroll2018/CMB40/CMB0400051.PDF, http://ceoharyana.nic.in/docs/election/draftroll2018/CMB40/CMB0400052.PDF"
FATEHABAD,40-FATEHABAD,Balanwali Majra Khajuri Jatt,412,213,199,http://ceoharyana.nic.in/docs/election/draftroll2018/CMB40/CMB0400064.PDF
FATEHABAD,40-FATEHABAD,DHABI KALAN,3246,1744,1502,"http://ceoharyana.nic.in/docs/election/draftroll2018/CMB40/CMB0400208.PDF, http://ceoharyana.nic.in/docs/election/draftroll2018/CMB40/CMB0400209.PDF, http://ceoharyana.nic.in/docs/election/draftroll2018/CMB40/CMB0400210.PDF"
FATEHABAD,40-FATEHABAD,SALAM KHERA MAJRA BIGHAR,928,496,432,http://ceoharyana.nic.in/docs/election/draftroll2018/CMB40/CMB0400077.PDF
FATEHABAD,40-FATEHABAD,PILI MANDORI,4967,2595,2372,"http://ceoharyana.nic.in/docs/election/draftroll2018/CMB40/CMB0400105.PDF, http://ceoharyana.nic.in/docs/election/draftroll2018/CMB40/CMB0400106.PDF, http://ceoharyana.nic.in/docs/election/draftroll2018/CMB40/CMB0400107.PDF, http://ceoharyana.nic.in/docs/election/draftroll2018/CMB40/CMB0400108.PDF, http://ceoharyana.nic.in/docs/election/draftroll2018/CMB40/CMB0400109.PDF"
FATEHABAD,40-FATEHABAD,BHUNA,18253,9772,8481,"http://ceoharyana.nic.in/docs/election/draftroll2018/CMB40/CMB0400157.PDF, http://ceoharyana.nic.in/docs/election/draftroll2018/CMB40/CMB0400158.PDF, http://ceoharyana.nic.in/docs/election/draftroll2018/CMB40/CMB0400159.PDF, http://ceoharyana.nic.in/docs/election/draftroll2018/CMB40/CMB0400160.PDF, http://ceoharyana.nic.in/docs/election/draftroll2018/CMB40/CMB0400161.PDF, http://ceoharyana.nic.in/docs/election/draftroll2018/CMB40/CMB0400162.PDF, http://ceoharyana.nic.in/docs/election/draftroll2018/CMB40/CMB0400163.PDF, http://ceoharyana.nic.in/docs/election/draftroll2018/CMB40/CMB0400164.PDF, http://ceoharyana.nic.in/docs/election/draftroll2018/CMB40/CMB0400165.PDF, http://ceoharyana.nic.in/docs/election/draftroll2018/CMB40/CMB0400166.PDF, http://ceoharyana.nic.in/docs/election/draftroll2018/CMB40/CMB0400167.PDF, http://ceoharyana.nic.in/docs/election/draftroll2018/CMB40/CMB0400168.PDF, http://ceoharyana.nic.in/docs/election/draftroll2018/CMB40/CMB0400169.PDF, http://ceoharyana.nic.in/docs/election/draftroll2018/CMB40/CMB0400170.PDF, http://ceoharyana.nic.in/docs/election/draftroll2018/CMB40/CMB0400171.PDF, http://ceoharyana.nic.in/docs/election/draftroll2018/CMB40/CMB0400172.PDF, http://ceoharyana.nic.in/docs/election/draftroll2018/CMB40/CMB0400173.PDF"
FATEHABAD,40-FATEHABAD,CHABLA MORI MAJRA BIGHAR,1157,616,541,http://ceoharyana.nic.in/docs/election/draftroll2018/CMB40/CMB0400079.PDF
FATEHABAD,40-FATEHABAD,JANDWALA BAGAR,2721,1459,1262,"http://ceoharyana.nic.in/docs/election/draftroll2018/CMB40/CMB0400213.PDF, http://ceoharyana.nic.in/docs/election/draftroll2018/CMB40/CMB0400214.PDF"
FATEHABAD,40-FATEHABAD,GADLI,818,425,393,http://ceoharyana.nic.in/docs/election/draftroll2018/CMB40/CMB0400220.PDF
FATEHABAD,40-FATEHABAD,SHEKHUPUR DAROLI,2777,1489,1288,"http://ceoharyana.nic.in/docs/election/draftroll2018/CMB40/CMB0400199.PDF, http://ceoharyana.nic.in/docs/election/draftroll2018/CMB40/CMB0400200.PDF, http://ceoharyana.nic.in/docs/election/draftroll2018/CMB40/CMB0400201.PDF"
FATEHABAD,40-FATEHABAD,BHATTUKALAN,12811,6823,5988,"http://ceoharyana.nic.in/docs/election/draftroll2018/CMB40/CMB0400112.PDF, http://ceoharyana.nic.in/docs/election/draftroll2018/CMB40/CMB0400113.PDF, http://ceoharyana.nic.in/docs/election/draftroll2018/CMB40/CMB0400114.PDF, http://ceoharyana.nic.in/docs/election/draftroll2018/CMB40/CMB0400115.PDF, http://ceoharyana.nic.in/docs/election/draftroll2018/CMB40/CMB0400116.PDF, http://ceoharyana.nic.in/docs/election/draftroll2018/CMB40/CMB0400117.PDF, http://ceoharyana.nic.in/docs/election/draftroll2018/CMB40/CMB0400118.PDF, http://ceoharyana.nic.in/docs/election/draftroll2018/CMB40/CMB0400119.PDF, http://ceoharyana.nic.in/docs/election/draftroll2018/CMB40/CMB0400120.PDF, http://ceoharyana.nic.in/docs/election/draftroll2018/CMB40/CMB0400121.PDF, http://ceoharyana.nic.in/docs/election/draftroll2018/CMB40/CMB0400122.PDF, http://ceoharyana.nic.in/docs/election/draftroll2018/CMB40/CMB0400123.PDF, http://ceoharyana.nic.in/docs/election/draftroll2018/CMB40/CMB0400124.PDF"
FATEHABAD,40-FATEHABAD,DHANI THOBA MAJRA FATEHABAD,1002,516,486,http://ceoharyana.nic.in/docs/election/draftroll2018/CMB40/CMB0400002.PDF
FATEHABAD,40-FATEHABAD,KHAJURI JATI,1882,998,884,"http://ceoharyana.nic.in/docs/election/draftroll2018/CMB40/CMB0400062.PDF, http://ceoharyana.nic.in/docs/election/draftroll2018/CMB40/CMB0400063.PDF"
FATEHABAD,40-FATEHABAD,DHANI GOPAL MAJRA KHASA PATHANA,2641,1405,1236,"http://ceoharyana.nic.in/docs/election/draftroll2018/CMB40/CMB0400177.PDF, http://ceoharyana.nic.in/docs/election/draftroll2018/CMB40/CMB0400178.PDF"
FATEHABAD,40-FATEHABAD,MAJRA,1556,815,741,"http://ceoharyana.nic.in/docs/election/draftroll2018/CMB40/CMB0400054.PDF, http://ceoharyana.nic.in/docs/election/draftroll2018/CMB40/CMB0400055.PDF"
FATEHABAD,40-FATEHABAD,KHARA KHERI,2018,1094,924,"http://ceoharyana.nic.in/docs/election/draftroll2018/CMB40/CMB0400193.PDF, http://ceoharyana.nic.in/docs/election/draftroll2018/CMB40/CMB0400194.PDF"
FATEHABAD,40-FATEHABAD,MOCHIWALI,1596,855,741,"http://ceoharyana.nic.in/docs/election/draftroll2018/CMB40/CMB0400154.PDF, http://ceoharyana.nic.in/docs/election/draftroll2018/CMB40/CMB0400155.PDF"
FATEHABAD,40-FATEHABAD,DAIYAR,2835,1508,1327,"http://ceoharyana.nic.in/docs/election/draftroll2018/CMB40/CMB0400215.PDF, http://ceoharyana.nic.in/docs/election/draftroll2018/CMB40/CMB0400216.PDF, http://ceoharyana.nic.in/docs/election/draftroll2018/CMB40/CMB0400217.PDF"
FATEHABAD,40-FATEHABAD,BANAWALI,2647,1414,1233,"http://ceoharyana.nic.in/docs/election/draftroll2018/CMB40/CMB0400130.PDF, http://ceoharyana.nic.in/docs/election/draftroll2018/CMB40/CMB0400131.PDF, http://ceoharyana.nic.in/docs/election/draftroll2018/CMB40/CMB0400132.PDF"
FATEHABAD,40-FATEHABAD,KAJAL HERI,2674,1433,1241,"http://ceoharyana.nic.in/docs/election/draftroll2018/CMB40/CMB0400141.PDF, http://ceoharyana.nic.in/docs/election/draftroll2018/CMB40/CMB0400142.PDF"
FATEHABAD,40-FATEHABAD,DHABI KHURD,1953,1045,908,"http://ceoharyana.nic.in/docs/election/draftroll2018/CMB40/CMB0400211.PDF, http://ceoharyana.nic.in/docs/election/draftroll2018/CMB40/CMB0400212.PDF"
FATEHABAD,40-FATEHABAD,SWAMI NAGAR MAJRA BASTI BHIWAN,2872,1480,1392,"http://ceoharyana.nic.in/docs/election/draftroll2018/CMB40/CMB0400005.PDF, http://ceoharyana.nic.in/docs/election/draftroll2018/CMB40/CMB0400006.PDF, http://ceoharyana.nic.in/docs/election/draftroll2018/CMB40/CMB0400007.PDF"
FATEHABAD,40-FATEHABAD,MEHUWALA,4156,2208,1948,"http://ceoharyana.nic.in/docs/election/draftroll2018/CMB40/CMB0400099.PDF, http://ceoharyana.nic.in/docs/election/draftroll2018/CMB40/CMB0400100.PDF, http://ceoharyana.nic.in/docs/election/draftroll2018/CMB40/CMB0400101.PDF"
FATEHABAD,40-FATEHABAD,DHARNI,2313,1249,1064,"http://ceoharyana.nic.in/docs/election/draftroll2018/CMB40/CMB0400075.PDF, http://ceoharyana.nic.in/docs/election/draftroll2018/CMB40/CMB0400076.PDF"
FATEHABAD,41-RATIA(SC),BAHALBHAMIYA MAJRA BHIRDANA,635,322,313,http://ceoharyana.nic.in/docs/election/draftroll2018/CMB41/CMB0410193.PDF
FATEHABAD,41-RATIA(SC),KANWALGARH,1645,868,777,"http://ceoharyana.nic.in/docs/election/draftroll2018/CMB41/CMB0410028.PDF, http://ceoharyana.nic.in/docs/election/draftroll2018/CMB41/CMB0410029.PDF"
FATEHABAD,41-RATIA(SC),ALAWALWAS,1989,1081,908,"http://ceoharyana.nic.in/docs/election/draftroll2018/CMB41/CMB0410039.PDF, http://ceoharyana.nic.in/docs/election/draftroll2018/CMB41/CMB0410040.PDF"
FATEHABAD,41-RATIA(SC),HIJRAWAN KHURD,2273,1217,1056,"http://ceoharyana.nic.in/docs/election/draftroll2018/CMB41/CMB0410130.PDF, http://ceoharyana.nic.in/docs/election/draftroll2018/CMB41/CMB0410131.PDF"
FATEHABAD,41-RATIA(SC),DHANI KARIYAN MAJRA HIJRAWAN KALAN,433,216,217,http://ceoharyana.nic.in/docs/election/draftroll2018/CMB41/CMB0410147.PDF
FATEHABAD,41-RATIA(SC),BARA,694,344,350,http://ceoharyana.nic.in/docs/election/draftroll2018/CMB41/CMB0410030.PDF
FATEHABAD,41-RATIA(SC),MALHAR,548,304,244,http://ceoharyana.nic.in/docs/election/draftroll2018/CMB41/CMB0410149.PDF
FATEHABAD,41-RATIA(SC),DHANI LAMBA,895,479,416,http://ceoharyana.nic.in/docs/election/draftroll2018/CMB41/CMB0410026.PDF
FATEHABAD,41-RATIA(SC),BHODIA KHERA PACHADGAN,926,484,442,http://ceoharyana.nic.in/docs/election/draftroll2018/CMB41/CMB0410192.PDF
FATEHABAD,41-RATIA(SC),BORA,980,510,470,http://ceoharyana.nic.in/docs/election/draftroll2018/CMB41/CMB0410038.PDF
FATEHABAD,41-RATIA(SC),NIKUWANA,515,247,268,http://ceoharyana.nic.in/docs/election/draftroll2018/CMB41/CMB0410017.PDF
FATEHABAD,41-RATIA(SC),HUKMAWALI,1428,761,667,"http://ceoharyana.nic.in/docs/election/draftroll2018/CMB41/CMB0410059.PDF, http://ceoharyana.nic.in/docs/election/draftroll2018/CMB41/CMB0410060.PDF"
FATEHABAD,41-RATIA(SC),BHODIYA KHERA PACHADGAN,4510,2384,2126,"http://ceoharyana.nic.in/docs/election/draftroll2018/CMB41/CMB0410188.PDF, http://ceoharyana.nic.in/docs/election/draftroll2018/CMB41/CMB0410189.PDF, http://ceoharyana.nic.in/docs/election/draftroll2018/CMB41/CMB0410190.PDF, http://ceoharyana.nic.in/docs/election/draftroll2018/CMB41/CMB0410191.PDF"
FATEHABAD,41-RATIA(SC),RATIA,,,,http://ceoharyana.nic.in/docs/election/draftroll2018/CMB41/CMB0410087.PDF
FATEHABAD,41-RATIA(SC),DADUPUR,1167,610,557,http://ceoharyana.nic.in/docs/election/draftroll2018/CMB41/CMB0410061.PDF
FATEHABAD,41-RATIA(SC),ROJHAWALI,588,318,270,http://ceoharyana.nic.in/docs/election/draftroll2018/CMB41/CMB0410014.PDF
FATEHABAD,41-RATIA(SC),BHUTHAN KALAN,4526,2414,2112,"http://ceoharyana.nic.in/docs/election/draftroll2018/CMB41/CMB0410205.PDF, http://ceoharyana.nic.in/docs/election/draftroll2018/CMB41/CMB0410206.PDF, http://ceoharyana.nic.in/docs/election/draftroll2018/CMB41/CMB0410207.PDF, http://ceoharyana.nic.in/docs/election/draftroll2018/CMB41/CMB0410208.PDF"
FATEHABAD,41-RATIA(SC),MOHMADKI,921,491,430,http://ceoharyana.nic.in/docs/election/draftroll2018/CMB41/CMB0410003.PDF
FATEHABAD,41-RATIA(SC),DANI ISHAR MAJRA HIJRAWAN KALAN,864,450,414,http://ceoharyana.nic.in/docs/election/draftroll2018/CMB41/CMB0410145.PDF
FATEHABAD,41-RATIA(SC),BHAWANI KHERA,382,190,192,http://ceoharyana.nic.in/docs/election/draftroll2018/CMB41/CMB0410020.PDF
FATEHABAD,41-RATIA(SC),CHIMMO,1035,535,500,http://ceoharyana.nic.in/docs/election/draftroll2018/CMB41/CMB0410091.PDF
FATEHABAD,41-RATIA(SC),BHUTHAN KHURD,1732,900,832,"http://ceoharyana.nic.in/docs/election/draftroll2018/CMB41/CMB0410209.PDF, http://ceoharyana.nic.in/docs/election/draftroll2018/CMB41/CMB0410210.PDF"
FATEHABAD,41-RATIA(SC),DHANI BABANPUR,1076,554,522,http://ceoharyana.nic.in/docs/election/draftroll2018/CMB41/CMB0410024.PDF
FATEHABAD,41-RATIA(SC),MALWALA,452,228,224,http://ceoharyana.nic.in/docs/election/draftroll2018/CMB41/CMB0410048.PDF
FATEHABAD,41-RATIA(SC),BHARPUR,1174,627,547,http://ceoharyana.nic.in/docs/election/draftroll2018/CMB41/CMB0410102.PDF
FATEHABAD,41-RATIA(SC),ASLI SADAR MAJRA GRAM HIJRAWAN KHURD,1899,995,904,"http://ceoharyana.nic.in/docs/election/draftroll2018/CMB41/CMB0410128.PDF, http://ceoharyana.nic.in/docs/election/draftroll2018/CMB41/CMB0410129.PDF"
FATEHABAD,41-RATIA(SC),RATTATIBBA MAJRA HIJRAWAN KHURD,860,447,413,http://ceoharyana.nic.in/docs/election/draftroll2018/CMB41/CMB0410133.PDF
FATEHABAD,41-RATIA(SC),SHEKHUPUR SOTTAR,742,385,357,http://ceoharyana.nic.in/docs/election/draftroll2018/CMB41/CMB0410169.PDF
FATEHABAD,41-RATIA(SC),JALOPUR,1041,541,500,http://ceoharyana.nic.in/docs/election/draftroll2018/CMB41/CMB0410063.PDF
FATEHABAD,41-RATIA(SC),MAHMARA,2055,1067,988,"http://ceoharyana.nic.in/docs/election/draftroll2018/CMB41/CMB0410018.PDF, http://ceoharyana.nic.in/docs/election/draftroll2018/CMB41/CMB0410019.PDF"
FATEHABAD,41-RATIA(SC),MANAWALI,2383,1288,1095,"http://ceoharyana.nic.in/docs/election/draftroll2018/CMB41/CMB0410186.PDF, http://ceoharyana.nic.in/docs/election/draftroll2018/CMB41/CMB0410187.PDF"
FATEHABAD,41-RATIA(SC),BAHMANWALA,2155,1124,1031,"http://ceoharyana.nic.in/docs/election/draftroll2018/CMB41/CMB0410012.PDF, http://ceoharyana.nic.in/docs/election/draftroll2018/CMB41/CMB0410013.PDF"
FATEHABAD,41-RATIA(SC),KHUNDAN,1780,929,851,"http://ceoharyana.nic.in/docs/election/draftroll2018/CMB41/CMB0410119.PDF, http://ceoharyana.nic.in/docs/election/draftroll2018/CMB41/CMB0410120.PDF"
FATEHABAD,41-RATIA(SC),DARIYAPUR,3341,1723,1618,"http://ceoharyana.nic.in/docs/election/draftroll2018/CMB41/CMB0410174.PDF, http://ceoharyana.nic.in/docs/election/draftroll2018/CMB41/CMB0410175.PDF, http://ceoharyana.nic.in/docs/election/draftroll2018/CMB41/CMB0410176.PDF"
FATEHABAD,41-RATIA(SC),PILCHHIAN,1684,865,819,"http://ceoharyana.nic.in/docs/election/draftroll2018/CMB41/CMB0410001.PDF, http://ceoharyana.nic.in/docs/election/draftroll2018/CMB41/CMB0410002.PDF"
FATEHABAD,41-RATIA(SC),NATHWAN,786,414,372,http://ceoharyana.nic.in/docs/election/draftroll2018/CMB41/CMB0410089.PDF
FATEHABAD,41-RATIA(SC),MUNSHIWALI,993,516,477,http://ceoharyana.nic.in/docs/election/draftroll2018/CMB41/CMB0410099.PDF
FATEHABAD,41-RATIA(SC),BURJ,1323,683,640,http://ceoharyana.nic.in/docs/election/draftroll2018/CMB41/CMB0410092.PDF
FATEHABAD,41-RATIA(SC),NAKTA,704,371,333,http://ceoharyana.nic.in/docs/election/draftroll2018/CMB41/CMB0410136.PDF
FATEHABAD,41-RATIA(SC),DHANI DHAKA MAJRA HIJRAWAN KALAN,759,392,367,http://ceoharyana.nic.in/docs/election/draftroll2018/CMB41/CMB0410146.PDF
FATEHABAD,41-RATIA(SC),SARDARE WALA,2030,1053,977,"http://ceoharyana.nic.in/docs/election/draftroll2018/CMB41/CMB0410006.PDF, http://ceoharyana.nic.in/docs/election/draftroll2018/CMB41/CMB0410007.PDF"
FATEHABAD,41-RATIA(SC),GHASWA,964,496,468,http://ceoharyana.nic.in/docs/election/draftroll2018/CMB41/CMB0410090.PDF
FATEHABAD,41-RATIA(SC),MADH,2139,1097,1042,"http://ceoharyana.nic.in/docs/election/draftroll2018/CMB41/CMB0410049.PDF, http://ceoharyana.nic.in/docs/election/draftroll2018/CMB41/CMB0410050.PDF"
FATEHABAD,41-RATIA(SC),DHANI NATHWAN,545,290,255,http://ceoharyana.nic.in/docs/election/draftroll2018/CMB41/CMB0410088.PDF
FATEHABAD,41-RATIA(SC),BAHABALPUR,1176,620,556,http://ceoharyana.nic.in/docs/election/draftroll2018/CMB41/CMB0410124.PDF
FATEHABAD,41-RATIA(SC),BHIRDANA,7897,4110,3787,"http://ceoharyana.nic.in/docs/election/draftroll2018/CMB41/CMB0410194.PDF, http://ceoharyana.nic.in/docs/election/draftroll2018/CMB41/CMB0410195.PDF, http://ceoharyana.nic.in/docs/election/draftroll2018/CMB41/CMB0410196.PDF, http://ceoharyana.nic.in/docs/election/draftroll2018/CMB41/CMB0410197.PDF, http://ceoharyana.nic.in/docs/election/draftroll2018/CMB41/CMB0410198.PDF, http://ceoharyana.nic.in/docs/election/draftroll2018/CMB41/CMB0410199.PDF, http://ceoharyana.nic.in/docs/election/draftroll2018/CMB41/CMB0410200.PDF, http://ceoharyana.nic.in/docs/election/draftroll2018/CMB41/CMB0410201.PDF"
FATEHABAD,41-RATIA(SC),BHATTU KHURD,1243,655,588,http://ceoharyana.nic.in/docs/election/draftroll2018/CMB41/CMB0410126.PDF
FATEHABAD,41-RATIA(SC),HIJRAWAN KALAN,3078,1601,1477,"http://ceoharyana.nic.in/docs/election/draftroll2018/CMB41/CMB0410137.PDF, http://ceoharyana.nic.in/docs/election/draftroll2018/CMB41/CMB0410138.PDF, http://ceoharyana.nic.in/docs/election/draftroll2018/CMB41/CMB0410139.PDF"
FATEHABAD,41-RATIA(SC),BADALGARH,2467,1290,1177,"http://ceoharyana.nic.in/docs/election/draftroll2018/CMB41/CMB0410021.PDF, http://ceoharyana.nic.in/docs/election/draftroll2018/CMB41/CMB0410022.PDF"
FATEHABAD,41-RATIA(SC),RAJABAD,748,380,368,http://ceoharyana.nic.in/docs/election/draftroll2018/CMB41/CMB0410170.PDF
FATEHABAD,41-RATIA(SC),JALLOPUR,751,390,361,http://ceoharyana.nic.in/docs/election/draftroll2018/CMB41/CMB0410062.PDF
FATEHABAD,41-RATIA(SC),CHUGH AHALI MAJRA CHANKOTHI,486,248,238,http://ceoharyana.nic.in/docs/election/draftroll2018/CMB41/CMB0410116.PDF
FATEHABAD,41-RATIA(SC),CHANDOKALAN,935,492,443,http://ceoharyana.nic.in/docs/election/draftroll2018/CMB41/CMB0410097.PDF
FATEHABAD,41-RATIA(SC),KHAN MOHMMAD,712,384,328,http://ceoharyana.nic.in/docs/election/draftroll2018/CMB41/CMB0410173.PDF
FATEHABAD,41-RATIA(SC),BOSWAL,1070,564,506,http://ceoharyana.nic.in/docs/election/draftroll2018/CMB41/CMB0410172.PDF
FATEHABAD,41-RATIA(SC),LAMBA,804,428,376,http://ceoharyana.nic.in/docs/election/draftroll2018/CMB41/CMB0410025.PDF
FATEHABAD,41-RATIA(SC),JHALANIYA,2350,1244,1106,"http://ceoharyana.nic.in/docs/election/draftroll2018/CMB41/CMB0410202.PDF, http://ceoharyana.nic.in/docs/election/draftroll2018/CMB41/CMB0410203.PDF, http://ceoharyana.nic.in/docs/election/draftroll2018/CMB41/CMB0410204.PDF"
FATEHABAD,41-RATIA(SC),RAIPUR,926,472,454,http://ceoharyana.nic.in/docs/election/draftroll2018/CMB41/CMB0410165.PDF
FATEHABAD,41-RATIA(SC),KARNAULI,1789,934,855,"http://ceoharyana.nic.in/docs/election/draftroll2018/CMB41/CMB0410177.PDF, http://ceoharyana.nic.in/docs/election/draftroll2018/CMB41/CMB0410178.PDF"
FATEHABAD,41-RATIA(SC),DHANI CHANANWALI MAJRA KUKRAN WALI,682,352,330,http://ceoharyana.nic.in/docs/election/draftroll2018/CMB41/CMB0410182.PDF
FATEHABAD,41-RATIA(SC),TELIWARA,502,265,237,http://ceoharyana.nic.in/docs/election/draftroll2018/CMB41/CMB0410027.PDF
FATEHABAD,41-RATIA(SC),KHAIRATIKHERA,1987,1074,913,"http://ceoharyana.nic.in/docs/election/draftroll2018/CMB41/CMB0410184.PDF, http://ceoharyana.nic.in/docs/election/draftroll2018/CMB41/CMB0410185.PDF"
FATEHABAD,41-RATIA(SC),NAKHATIYA MAJRA HIJRAWAN KHURD,588,303,285,http://ceoharyana.nic.in/docs/election/draftroll2018/CMB41/CMB0410134.PDF
FATEHABAD,41-RATIA(SC),AHRWAN,4443,2326,2117,"http://ceoharyana.nic.in/docs/election/draftroll2018/CMB41/CMB0410156.PDF, http://ceoharyana.nic.in/docs/election/draftroll2018/CMB41/CMB0410157.PDF, http://ceoharyana.nic.in/docs/election/draftroll2018/CMB41/CMB0410158.PDF, http://ceoharyana.nic.in/docs/election/draftroll2018/CMB41/CMB0410159.PDF, http://ceoharyana.nic.in/docs/election/draftroll2018/CMB41/CMB0410160.PDF"
FATEHABAD,41-RATIA(SC),RATTANGARH,1697,887,810,"http://ceoharyana.nic.in/docs/election/draftroll2018/CMB41/CMB0410033.PDF, http://ceoharyana.nic.in/docs/election/draftroll2018/CMB41/CMB0410034.PDF"
FATEHABAD,41-RATIA(SC),AKAWALI MAJRA HIJRAWAN KALAN,1018,551,467,http://ceoharyana.nic.in/docs/election/draftroll2018/CMB41/CMB0410144.PDF
FATEHABAD,41-RATIA(SC),PALSAR,963,487,476,http://ceoharyana.nic.in/docs/election/draftroll2018/CMB41/CMB0410168.PDF
FATEHABAD,41-RATIA(SC),LUTHERA,602,320,282,http://ceoharyana.nic.in/docs/election/draftroll2018/CMB41/CMB0410011.PDF
FATEHABAD,41-RATIA(SC),NAGPUR,4292,2299,1993,"http://ceoharyana.nic.in/docs/election/draftroll2018/CMB41/CMB0410055.PDF, http://ceoharyana.nic.in/docs/election/draftroll2018/CMB41/CMB0410056.PDF, http://ceoharyana.nic.in/docs/election/draftroll2018/CMB41/CMB0410057.PDF, http://ceoharyana.nic.in/docs/election/draftroll2018/CMB41/CMB0410058.PDF"
FATEHABAD,41-RATIA(SC),TAMASPURA MAJRA GRAM HAROLI,1939,1043,896,"http://ceoharyana.nic.in/docs/election/draftroll2018/CMB41/CMB0410108.PDF, http://ceoharyana.nic.in/docs/election/draftroll2018/CMB41/CMB0410109.PDF"
FATEHABAD,41-RATIA(SC),NANGAL,2919,1550,1369,"http://ceoharyana.nic.in/docs/election/draftroll2018/CMB41/CMB0410008.PDF, http://ceoharyana.nic.in/docs/election/draftroll2018/CMB41/CMB0410009.PDF, http://ceoharyana.nic.in/docs/election/draftroll2018/CMB41/CMB0410010.PDF"
FATEHABAD,41-RATIA(SC),MIRANA,1202,609,593,http://ceoharyana.nic.in/docs/election/draftroll2018/CMB41/CMB0410035.PDF
FATEHABAD,41-RATIA(SC),SUKHMANPUR,1208,649,559,http://ceoharyana.nic.in/docs/election/draftroll2018/CMB41/CMB0410164.PDF
FATEHABAD,41-RATIA(SC),BALIYALA,2039,1077,962,"http://ceoharyana.nic.in/docs/election/draftroll2018/CMB41/CMB0410036.PDF, http://ceoharyana.nic.in/docs/election/draftroll2018/CMB41/CMB0410037.PDF"
FATEHABAD,41-RATIA(SC),KALOTHA,1967,1014,953,"http://ceoharyana.nic.in/docs/election/draftroll2018/CMB41/CMB0410042.PDF, http://ceoharyana.nic.in/docs/election/draftroll2018/CMB41/CMB0410043.PDF"
FATEHABAD,41-RATIA(SC),BHUNDARWAS,2050,1078,972,"http://ceoharyana.nic.in/docs/election/draftroll2018/CMB41/CMB0410015.PDF, http://ceoharyana.nic.in/docs/election/draftroll2018/CMB41/CMB0410016.PDF"
FATEHABAD,41-RATIA(SC),BIRABADI,2309,1184,1125,"http://ceoharyana.nic.in/docs/election/draftroll2018/CMB41/CMB0410053.PDF, http://ceoharyana.nic.in/docs/election/draftroll2018/CMB41/CMB0410054.PDF"
FATEHABAD,41-RATIA(SC),KUKRANWALI,1777,950,827,"http://ceoharyana.nic.in/docs/election/draftroll2018/CMB41/CMB0410180.PDF, http://ceoharyana.nic.in/docs/election/draftroll2018/CMB41/CMB0410181.PDF"
FATEHABAD,41-RATIA(SC),Nurki ahli majra chankothi,1125,591,534,http://ceoharyana.nic.in/docs/election/draftroll2018/CMB41/CMB0410115.PDF
FATEHABAD,41-RATIA(SC),JANDWALA SOTTAR,2277,1207,1070,"http://ceoharyana.nic.in/docs/election/draftroll2018/CMB41/CMB0410110.PDF, http://ceoharyana.nic.in/docs/election/draftroll2018/CMB41/CMB0410111.PDF"
FATEHABAD,41-RATIA(SC),HAROLI,3523,1837,1686,"http://ceoharyana.nic.in/docs/election/draftroll2018/CMB41/CMB0410112.PDF, http://ceoharyana.nic.in/docs/election/draftroll2018/CMB41/CMB0410113.PDF, http://ceoharyana.nic.in/docs/election/draftroll2018/CMB41/CMB0410114.PDF"
FATEHABAD,41-RATIA(SC),SHAHNAL,1475,772,703,"http://ceoharyana.nic.in/docs/election/draftroll2018/CMB41/CMB0410162.PDF, http://ceoharyana.nic.in/docs/election/draftroll2018/CMB41/CMB0410163.PDF"
FATEHABAD,41-RATIA(SC),HANSPUR,1774,937,837,"http://ceoharyana.nic.in/docs/election/draftroll2018/CMB41/CMB0410121.PDF, http://ceoharyana.nic.in/docs/election/draftroll2018/CMB41/CMB0410122.PDF"
FATEHABAD,41-RATIA(SC),ALIPUR BROTA,876,467,409,http://ceoharyana.nic.in/docs/election/draftroll2018/CMB41/CMB0410155.PDF
FATEHABAD,41-RATIA(SC),KHAI,1201,641,560,http://ceoharyana.nic.in/docs/election/draftroll2018/CMB41/CMB0410044.PDF
FATEHABAD,41-RATIA(SC),HASINGA,2561,1322,1239,"http://ceoharyana.nic.in/docs/election/draftroll2018/CMB41/CMB0410166.PDF, http://ceoharyana.nic.in/docs/election/draftroll2018/CMB41/CMB0410167.PDF"
FATEHABAD,41-RATIA(SC),CHAN KOTHI,702,352,350,http://ceoharyana.nic.in/docs/election/draftroll2018/CMB41/CMB0410117.PDF
FATEHABAD,41-RATIA(SC),HAMJAPUR,1460,773,687,"http://ceoharyana.nic.in/docs/election/draftroll2018/CMB41/CMB0410100.PDF, http://ceoharyana.nic.in/docs/election/draftroll2018/CMB41/CMB0410101.PDF"
FATEHABAD,41-RATIA(SC),DHANI MEHTAB RAM MAJRA KUKRANWALI,383,205,178,http://ceoharyana.nic.in/docs/election/draftroll2018/CMB41/CMB0410183.PDF
FATEHABAD,41-RATIA(SC),AHLI SADAR MAJRA GRAM HIJRAWAN KHURD,1059,562,497,http://ceoharyana.nic.in/docs/election/draftroll2018/CMB41/CMB0410127.PDF
FATEHABAD,41-RATIA(SC),HARIPURA MAJRA HIJRAWAN KHURD,1024,544,480,http://ceoharyana.nic.in/docs/election/draftroll2018/CMB41/CMB0410132.PDF
FATEHABAD,41-RATIA(SC),THERII,1039,544,495,http://ceoharyana.nic.in/docs/election/draftroll2018/CMB41/CMB0410125.PDF
FATEHABAD,41-RATIA(SC),DHANI BINJA LAMBA,1107,564,543,http://ceoharyana.nic.in/docs/election/draftroll2018/CMB41/CMB0410150.PDF
FATEHABAD,41-RATIA(SC),KAMANA,1757,919,838,"http://ceoharyana.nic.in/docs/election/draftroll2018/CMB41/CMB0410031.PDF, http://ceoharyana.nic.in/docs/election/draftroll2018/CMB41/CMB0410032.PDF"
FATEHABAD,41-RATIA(SC),BABANPUR,1248,644,604,http://ceoharyana.nic.in/docs/election/draftroll2018/CMB41/CMB0410023.PDF
FATEHABAD,41-RATIA(SC),KHUMBAR MAJRA CHANKOTHI,1366,716,650,http://ceoharyana.nic.in/docs/election/draftroll2018/CMB41/CMB0410118.PDF
FATEHABAD,41-RATIA(SC),KATAKHERI,558,284,274,http://ceoharyana.nic.in/docs/election/draftroll2018/CMB41/CMB0410171.PDF
FATEHABAD,41-RATIA(SC),LALI,3237,1673,1564,"http://ceoharyana.nic.in/docs/election/draftroll2018/CMB41/CMB0410064.PDF, http://ceoharyana.nic.in/docs/election/draftroll2018/CMB41/CMB0410065.PDF, http://ceoharyana.nic.in/docs/election/draftroll2018/CMB41/CMB0410066.PDF"
FATEHABAD,41-RATIA(SC),BANAWALI MAJRA HIJRAWAN KALAN,1123,583,540,http://ceoharyana.nic.in/docs/election/draftroll2018/CMB41/CMB0410140.PDF
FATEHABAD,41-RATIA(SC),BHADOLAWALI,1340,728,612,http://ceoharyana.nic.in/docs/election/draftroll2018/CMB41/CMB0410123.PDF
FATEHABAD,41-RATIA(SC),MANAKPUR,399,202,197,http://ceoharyana.nic.in/docs/election/draftroll2018/CMB41/CMB0410135.PDF
FATEHABAD,41-RATIA(SC),KHAIRAMPUR,438,227,211,http://ceoharyana.nic.in/docs/election/draftroll2018/CMB41/CMB0410041.PDF
FATEHABAD,41-RATIA(SC),SHAHIDANWALI,1412,728,684,http://ceoharyana.nic.in/docs/election/draftroll2018/CMB41/CMB0410179.PDF
FATEHABAD,41-RATIA(SC),ALIKA,2910,1493,1417,"http://ceoharyana.nic.in/docs/election/draftroll2018/CMB41/CMB0410045.PDF, http://ceoharyana.nic.in/docs/election/draftroll2018/CMB41/CMB0410046.PDF, http://ceoharyana.nic.in/docs/election/draftroll2018/CMB41/CMB0410047.PDF"
FATEHABAD,41-RATIA(SC),GANDA,1516,804,712,"http://ceoharyana.nic.in/docs/election/draftroll2018/CMB41/CMB0410051.PDF, http://ceoharyana.nic.in/docs/election/draftroll2018/CMB41/CMB0410052.PDF"
FATEHABAD,41-RATIA(SC),AYALKI,3230,1717,1513,"http://ceoharyana.nic.in/docs/election/draftroll2018/CMB41/CMB0410151.PDF, http://ceoharyana.nic.in/docs/election/draftroll2018/CMB41/CMB0410152.PDF, http://ceoharyana.nic.in/docs/election/draftroll2018/CMB41/CMB0410153.PDF, http://ceoharyana.nic.in/docs/election/draftroll2018/CMB41/CMB0410154.PDF"
FATEHABAD,41-RATIA(SC),MOHAMMADPUR SOTTAR,2119,1108,1011,"http://ceoharyana.nic.in/docs/election/draftroll2018/CMB41/CMB0410095.PDF, http://ceoharyana.nic.in/docs/election/draftroll2018/CMB41/CMB0410096.PDF"
FATEHABAD,41-RATIA(SC),MUSAAHALI MAJRA HIJRAWAN KALAN,692,356,336,http://ceoharyana.nic.in/docs/election/draftroll2018/CMB41/CMB0410141.PDF
FATEHABAD,41-RATIA(SC),GURUSAR,360,181,179,http://ceoharyana.nic.in/docs/election/draftroll2018/CMB41/CMB0410161.PDF
FATEHABAD,41-RATIA(SC),CHANDOKHURD,404,208,196,http://ceoharyana.nic.in/docs/election/draftroll2018/CMB41/CMB0410098.PDF
FATEHABAD,41-RATIA(SC),DAULATPUR MAJRA HIJRAWAN KALAN,1970,1019,951,"http://ceoharyana.nic.in/docs/election/draftroll2018/CMB41/CMB0410142.PDF, http://ceoharyana.nic.in/docs/election/draftroll2018/CMB41/CMB0410143.PDF"
FATEHABAD,41-RATIA(SC),DHANI CHUHAR MAJRA HIJRAWAN KALAN,1022,539,483,http://ceoharyana.nic.in/docs/election/draftroll2018/CMB41/CMB0410148.PDF
FATEHABAD,41-RATIA(SC),KUNAL,1449,780,669,"http://ceoharyana.nic.in/docs/election/draftroll2018/CMB41/CMB0410093.PDF, http://ceoharyana.nic.in/docs/election/draftroll2018/CMB41/CMB0410094.PDF"
FATEHABAD,41-RATIA(SC),RATTAKHERA,3068,1589,1479,"http://ceoharyana.nic.in/docs/election/draftroll2018/CMB41/CMB0410103.PDF, http://ceoharyana.nic.in/docs/election/draftroll2018/CMB41/CMB0410104.PDF, http://ceoharyana.nic.in/docs/election/draftroll2018/CMB41/CMB0410105.PDF"
FATEHABAD,41-RATIA(SC),PHULL,2427,1281,1146,"http://ceoharyana.nic.in/docs/election/draftroll2018/CMB41/CMB0410106.PDF, http://ceoharyana.nic.in/docs/election/draftroll2018/CMB41/CMB0410107.PDF"
FATEHABAD,41-RATIA(SC),LADHUWAS,1781,926,855,"http://ceoharyana.nic.in/docs/election/draftroll2018/CMB41/CMB0410004.PDF, http://ceoharyana.nic.in/docs/election/draftroll2018/CMB41/CMB0410005.PDF"
